BEGIN TRANSACTION;
INSERT INTO "Ingredients" ("id","ingredientName","qtyAvailable","scale_id","typeOfIngredient_id") VALUES (1,'agneau',400.0,1,1);
INSERT INTO "Ingredients" ("id","ingredientName","qtyAvailable","scale_id","typeOfIngredient_id") VALUES (2,'bouillon de volaille',3.0,2,1);
INSERT INTO "Ingredients" ("id","ingredientName","qtyAvailable","scale_id","typeOfIngredient_id") VALUES (3,'romarin',2.0,6,7);
INSERT INTO "Ingredients" ("id","ingredientName","qtyAvailable","scale_id","typeOfIngredient_id") VALUES (4,'laurier',4.0,6,7);
INSERT INTO "Ingredients" ("id","ingredientName","qtyAvailable","scale_id","typeOfIngredient_id") VALUES (5,'carotte',5.0,5,4);
INSERT INTO "Ingredients" ("id","ingredientName","qtyAvailable","scale_id","typeOfIngredient_id") VALUES (6,'citron',4.0,5,3);
INSERT INTO "Ingredients" ("id","ingredientName","qtyAvailable","scale_id","typeOfIngredient_id") VALUES (7,'beurre',100.0,1,9);
INSERT INTO "Ingredients" ("id","ingredientName","qtyAvailable","scale_id","typeOfIngredient_id") VALUES (8,'farine',100.0,1,10);
INSERT INTO "Ingredients" ("id","ingredientName","qtyAvailable","scale_id","typeOfIngredient_id") VALUES (9,'jaune d''oeuf',2.0,5,5);
INSERT INTO "Ingredients" ("id","ingredientName","qtyAvailable","scale_id","typeOfIngredient_id") VALUES (10,'crème fraîche',5.0,2,5);
INSERT INTO "Ingredients" ("id","ingredientName","qtyAvailable","scale_id","typeOfIngredient_id") VALUES (11,'blancs de poulet',200.0,1,1);
INSERT INTO "Ingredients" ("id","ingredientName","qtyAvailable","scale_id","typeOfIngredient_id") VALUES (12,'préparation d''épices pour volaille ',20.0,1,7);
INSERT INTO "Ingredients" ("id","ingredientName","qtyAvailable","scale_id","typeOfIngredient_id") VALUES (13,'huile',100.0,2,9);
INSERT INTO "Ingredients" ("id","ingredientName","qtyAvailable","scale_id","typeOfIngredient_id") VALUES (14,'poireau',23.0,5,4);
INSERT INTO "Ingredients" ("id","ingredientName","qtyAvailable","scale_id","typeOfIngredient_id") VALUES (15,'crème à café',1000.0,4,5);
INSERT INTO "Ingredients" ("id","ingredientName","qtyAvailable","scale_id","typeOfIngredient_id") VALUES (16,'ciboulette',1000.0,6,7);
INSERT INTO "Ingredients" ("id","ingredientName","qtyAvailable","scale_id","typeOfIngredient_id") VALUES (17,'boeuf',300.0,1,1);
INSERT INTO "Ingredients" ("id","ingredientName","qtyAvailable","scale_id","typeOfIngredient_id") VALUES (18,'cognac',20.0,3,11);
INSERT INTO "Ingredients" ("id","ingredientName","qtyAvailable","scale_id","typeOfIngredient_id") VALUES (19,'poivre',200.0,1,7);
INSERT INTO "Ingredients" ("id","ingredientName","qtyAvailable","scale_id","typeOfIngredient_id") VALUES (20,'persil',4.0,6,7);
INSERT INTO "Ingredients" ("id","ingredientName","qtyAvailable","scale_id","typeOfIngredient_id") VALUES (21,'dinde',200.0,1,1);
INSERT INTO "Ingredients" ("id","ingredientName","qtyAvailable","scale_id","typeOfIngredient_id") VALUES (22,'riz thai',20.0,1,6);
INSERT INTO "Ingredients" ("id","ingredientName","qtyAvailable","scale_id","typeOfIngredient_id") VALUES (23,'poivron',27.0,5,4);
INSERT INTO "Ingredients" ("id","ingredientName","qtyAvailable","scale_id","typeOfIngredient_id") VALUES (24,'échalotte',20.0,5,4);
INSERT INTO "Ingredients" ("id","ingredientName","qtyAvailable","scale_id","typeOfIngredient_id") VALUES (25,'gousse d''ail',10.0,5,4);
INSERT INTO "Ingredients" ("id","ingredientName","qtyAvailable","scale_id","typeOfIngredient_id") VALUES (26,'champignons de Paris',250.0,1,4);
INSERT INTO "Ingredients" ("id","ingredientName","qtyAvailable","scale_id","typeOfIngredient_id") VALUES (27,'curry en poudre',20.0,1,7);
INSERT INTO "Ingredients" ("id","ingredientName","qtyAvailable","scale_id","typeOfIngredient_id") VALUES (28,'curcuma en poudre',20.0,1,7);
INSERT INTO "Ingredients" ("id","ingredientName","qtyAvailable","scale_id","typeOfIngredient_id") VALUES (29,'gingembre',60.0,1,7);
INSERT INTO "Ingredients" ("id","ingredientName","qtyAvailable","scale_id","typeOfIngredient_id") VALUES (30,'maïzena',0.0,1,10);
INSERT INTO "Ingredients" ("id","ingredientName","qtyAvailable","scale_id","typeOfIngredient_id") VALUES (31,'thym',30.0,6,7);
INSERT INTO "Ingredients" ("id","ingredientName","qtyAvailable","scale_id","typeOfIngredient_id") VALUES (32,'basilic',20.0,6,7);
INSERT INTO "Ingredients" ("id","ingredientName","qtyAvailable","scale_id","typeOfIngredient_id") VALUES (33,'sel',20.0,9,7);
INSERT INTO "Ingredients" ("id","ingredientName","qtyAvailable","scale_id","typeOfIngredient_id") VALUES (34,'huile d''olive',100.0,2,9);
INSERT INTO "Ingredients" ("id","ingredientName","qtyAvailable","scale_id","typeOfIngredient_id") VALUES (35,'eau',1000.0,2,12);
INSERT INTO "Ingredients" ("id","ingredientName","qtyAvailable","scale_id","typeOfIngredient_id") VALUES (36,'oignon',250.0,5,4);
INSERT INTO "Ingredients" ("id","ingredientName","qtyAvailable","scale_id","typeOfIngredient_id") VALUES (37,'concentré de tomates',20.0,1,4);
INSERT INTO "Ingredients" ("id","ingredientName","qtyAvailable","scale_id","typeOfIngredient_id") VALUES (38,'paprika',20.0,1,7);
INSERT INTO "Ingredients" ("id","ingredientName","qtyAvailable","scale_id","typeOfIngredient_id") VALUES (39,'bouillon de boeuf',200.0,2,1);
INSERT INTO "Ingredients" ("id","ingredientName","qtyAvailable","scale_id","typeOfIngredient_id") VALUES (40,'bouquet garni',40.0,6,4);
INSERT INTO "Ingredients" ("id","ingredientName","qtyAvailable","scale_id","typeOfIngredient_id") VALUES (41,'laitue',20.0,1,4);
INSERT INTO "Ingredients" ("id","ingredientName","qtyAvailable","scale_id","typeOfIngredient_id") VALUES (42,'petits pois',5.0,1,4);
INSERT INTO "Ingredients" ("id","ingredientName","qtyAvailable","scale_id","typeOfIngredient_id") VALUES (43,'chanterelles',200.0,1,4);
INSERT INTO "Ingredients" ("id","ingredientName","qtyAvailable","scale_id","typeOfIngredient_id") VALUES (44,'pâtes',500.0,1,6);
INSERT INTO "Ingredients" ("id","ingredientName","qtyAvailable","scale_id","typeOfIngredient_id") VALUES (45,'moutarde de vin blanc',20.0,1,7);
INSERT INTO "Ingredients" ("id","ingredientName","qtyAvailable","scale_id","typeOfIngredient_id") VALUES (46,'pommes de terre',200.0,1,4);
INSERT INTO "Ingredients" ("id","ingredientName","qtyAvailable","scale_id","typeOfIngredient_id") VALUES (47,'tomates séchées',300.0,1,4);
INSERT INTO "Ingredients" ("id","ingredientName","qtyAvailable","scale_id","typeOfIngredient_id") VALUES (48,'préparation d''épices pour salade',41.0,1,7);
INSERT INTO "Ingredients" ("id","ingredientName","qtyAvailable","scale_id","typeOfIngredient_id") VALUES (49,'sauce tomate',200.0,1,4);
INSERT INTO "Ingredients" ("id","ingredientName","qtyAvailable","scale_id","typeOfIngredient_id") VALUES (50,'Ras el Hanout',20.0,1,7);
INSERT INTO "Ingredients" ("id","ingredientName","qtyAvailable","scale_id","typeOfIngredient_id") VALUES (51,'poulet',200.0,1,1);
INSERT INTO "Ingredients" ("id","ingredientName","qtyAvailable","scale_id","typeOfIngredient_id") VALUES (52,'riz italien',0.0,1,6);
INSERT INTO "Ingredients" ("id","ingredientName","qtyAvailable","scale_id","typeOfIngredient_id") VALUES (53,'vin blanc',0.0,2,11);
INSERT INTO "Ingredients" ("id","ingredientName","qtyAvailable","scale_id","typeOfIngredient_id") VALUES (54,'mélange 4 épices',30.0,1,7);
INSERT INTO "Ingredients" ("id","ingredientName","qtyAvailable","scale_id","typeOfIngredient_id") VALUES (55,'sauce soja',2000.0,2,12);
INSERT INTO "Ingredients" ("id","ingredientName","qtyAvailable","scale_id","typeOfIngredient_id") VALUES (56,'miel',2000.0,2,12);
INSERT INTO "Ingredients" ("id","ingredientName","qtyAvailable","scale_id","typeOfIngredient_id") VALUES (57,'coriandre fraîche',10.0,6,7);
INSERT INTO "Ingredients" ("id","ingredientName","qtyAvailable","scale_id","typeOfIngredient_id") VALUES (58,'crevettes décortiquées',10.0,1,2);
INSERT INTO "Ingredients" ("id","ingredientName","qtyAvailable","scale_id","typeOfIngredient_id") VALUES (59,'tomates',400.0,1,4);
INSERT INTO "Ingredients" ("id","ingredientName","qtyAvailable","scale_id","typeOfIngredient_id") VALUES (60,'courgettes',10.0,1,4);
INSERT INTO "Ingredients" ("id","ingredientName","qtyAvailable","scale_id","typeOfIngredient_id") VALUES (61,'curry',20.0,1,7);
INSERT INTO "Ingredients" ("id","ingredientName","qtyAvailable","scale_id","typeOfIngredient_id") VALUES (62,'tagliatelle',250.0,1,6);
INSERT INTO "Ingredients" ("id","ingredientName","qtyAvailable","scale_id","typeOfIngredient_id") VALUES (63,'bouillon d''épices pour pâtes à l''huile d''olive et basilic',50.0,1,7);
INSERT INTO "TypesOfIngredient" ("id","type") VALUES (1,'Viande');
INSERT INTO "TypesOfIngredient" ("id","type") VALUES (2,'Poissons et crustacés');
INSERT INTO "TypesOfIngredient" ("id","type") VALUES (3,'Fruits');
INSERT INTO "TypesOfIngredient" ("id","type") VALUES (4,'Légumes, légumineuses et champignons');
INSERT INTO "TypesOfIngredient" ("id","type") VALUES (5,'Produits laitiers et oeufs');
INSERT INTO "TypesOfIngredient" ("id","type") VALUES (6,'Céréales et féculents');
INSERT INTO "TypesOfIngredient" ("id","type") VALUES (7,'Epices, herbes et condiments');
INSERT INTO "TypesOfIngredient" ("id","type") VALUES (8,'Noix et graines');
INSERT INTO "TypesOfIngredient" ("id","type") VALUES (9,'Huiles et graisses');
INSERT INTO "TypesOfIngredient" ("id","type") VALUES (10,'Produits de boulangerie et pâtisserie');
INSERT INTO "TypesOfIngredient" ("id","type") VALUES (11,'Alcool et spiritueux');
INSERT INTO "TypesOfIngredient" ("id","type") VALUES (12,'Sauces et eau');
INSERT INTO "Recipes_has_Ingredients" ("id","qtyIngredient1","qtyIngredient2","qtyIngredient3","qtyIngredient4","qtyIngredient5","qtyIngredient6","qtyIngredient7","qtyIngredient8","qtyIngredient9","qtyIngredient10","qtyIngredient11","qtyIngredient12","qtyIngredient13","qtyIngredient14","qtyIngredient15","qtyIngredient16","qtyIngredient17","qtyIngredient18","qtyIngredient19","qtyIngredient20","ingredient1_id","ingredient2_id","ingredient3_id","ingredient4_id","ingredient5_id","ingredient6_id","ingredient7_id","ingredient8_id","ingredient9_id","ingredient10_id","ingredient11_id","ingredient12_id","ingredient13_id","ingredient14_id","ingredient15_id","ingredient16_id","ingredient17_id","ingredient18_id","ingredient19_id","ingredient20_id","scales1_id","scales2_id","scales3_id","scales4_id","scales5_id","scales6_id","scales7_id","scales8_id","scales9_id","scales10_id","scales11_id","scales12_id","scales13_id","scales14_id","scales15_id","scales16_id","scales17_id","scales18_id","scales19_id","scales20_id") VALUES (1,400.0,3.0,0.33,0.33,0.33,0.33,16.5,1.33,1.0,0.66,NULL,NULL,NULL,NULL,NULL,NULL,NULL,NULL,NULL,NULL,1,2,3,4,5,6,7,8,9,10,NULL,NULL,NULL,NULL,NULL,NULL,NULL,NULL,NULL,NULL,1,2,6,7,5,8,1,3,5,3,NULL,NULL,NULL,NULL,NULL,NULL,NULL,NULL,NULL,NULL);
INSERT INTO "Recipes_has_Ingredients" ("id","qtyIngredient1","qtyIngredient2","qtyIngredient3","qtyIngredient4","qtyIngredient5","qtyIngredient6","qtyIngredient7","qtyIngredient8","qtyIngredient9","qtyIngredient10","qtyIngredient11","qtyIngredient12","qtyIngredient13","qtyIngredient14","qtyIngredient15","qtyIngredient16","qtyIngredient17","qtyIngredient18","qtyIngredient19","qtyIngredient20","ingredient1_id","ingredient2_id","ingredient3_id","ingredient4_id","ingredient5_id","ingredient6_id","ingredient7_id","ingredient8_id","ingredient9_id","ingredient10_id","ingredient11_id","ingredient12_id","ingredient13_id","ingredient14_id","ingredient15_id","ingredient16_id","ingredient17_id","ingredient18_id","ingredient19_id","ingredient20_id","scales1_id","scales2_id","scales3_id","scales4_id","scales5_id","scales6_id","scales7_id","scales8_id","scales9_id","scales10_id","scales11_id","scales12_id","scales13_id","scales14_id","scales15_id","scales16_id","scales17_id","scales18_id","scales19_id","scales20_id") VALUES (2,250.0,2.0,0.5,1.0,0.5,1.0,2.0,1.0,NULL,NULL,NULL,NULL,NULL,NULL,NULL,NULL,NULL,NULL,NULL,NULL,11,12,13,5,14,2,15,16,NULL,NULL,NULL,NULL,NULL,NULL,NULL,NULL,NULL,NULL,NULL,NULL,5,5,2,3,4,NULL,NULL,NULL,NULL,NULL,NULL,NULL,NULL,NULL,NULL,NULL,NULL,NULL,NULL,NULL);
INSERT INTO "Recipes_has_Ingredients" ("id","qtyIngredient1","qtyIngredient2","qtyIngredient3","qtyIngredient4","qtyIngredient5","qtyIngredient6","qtyIngredient7","qtyIngredient8","qtyIngredient9","qtyIngredient10","qtyIngredient11","qtyIngredient12","qtyIngredient13","qtyIngredient14","qtyIngredient15","qtyIngredient16","qtyIngredient17","qtyIngredient18","qtyIngredient19","qtyIngredient20","ingredient1_id","ingredient2_id","ingredient3_id","ingredient4_id","ingredient5_id","ingredient6_id","ingredient7_id","ingredient8_id","ingredient9_id","ingredient10_id","ingredient11_id","ingredient12_id","ingredient13_id","ingredient14_id","ingredient15_id","ingredient16_id","ingredient17_id","ingredient18_id","ingredient19_id","ingredient20_id","scales1_id","scales2_id","scales3_id","scales4_id","scales5_id","scales6_id","scales7_id","scales8_id","scales9_id","scales10_id","scales11_id","scales12_id","scales13_id","scales14_id","scales15_id","scales16_id","scales17_id","scales18_id","scales19_id","scales20_id") VALUES (3,275.0,12.5,0.25,1.0,1.0,2.0,2.0,NULL,NULL,NULL,NULL,NULL,NULL,NULL,NULL,NULL,NULL,NULL,NULL,NULL,17,7,10,9,18,19,20,NULL,NULL,NULL,NULL,NULL,NULL,NULL,NULL,NULL,NULL,NULL,NULL,NULL,1,1,2,5,3,1,6,NULL,NULL,NULL,NULL,NULL,NULL,NULL,NULL,NULL,NULL,NULL,NULL,NULL);
INSERT INTO "Recipes_has_Ingredients" ("id","qtyIngredient1","qtyIngredient2","qtyIngredient3","qtyIngredient4","qtyIngredient5","qtyIngredient6","qtyIngredient7","qtyIngredient8","qtyIngredient9","qtyIngredient10","qtyIngredient11","qtyIngredient12","qtyIngredient13","qtyIngredient14","qtyIngredient15","qtyIngredient16","qtyIngredient17","qtyIngredient18","qtyIngredient19","qtyIngredient20","ingredient1_id","ingredient2_id","ingredient3_id","ingredient4_id","ingredient5_id","ingredient6_id","ingredient7_id","ingredient8_id","ingredient9_id","ingredient10_id","ingredient11_id","ingredient12_id","ingredient13_id","ingredient14_id","ingredient15_id","ingredient16_id","ingredient17_id","ingredient18_id","ingredient19_id","ingredient20_id","scales1_id","scales2_id","scales3_id","scales4_id","scales5_id","scales6_id","scales7_id","scales8_id","scales9_id","scales10_id","scales11_id","scales12_id","scales13_id","scales14_id","scales15_id","scales16_id","scales17_id","scales18_id","scales19_id","scales20_id") VALUES (4,225.0,125.0,0.5,1.0,1.5,2.0,0.75,0.5,0.5,0.5,1.25,0.5,0.5,0.5,1.0,1.0,1.0,0.5,0.5,NULL,21,22,23,24,25,26,27,28,29,30,2,3,31,32,16,33,19,34,35,NULL,1,1,5,5,5,5,3,4,4,3,2,6,6,6,6,9,1,2,2,NULL);
INSERT INTO "Recipes_has_Ingredients" ("id","qtyIngredient1","qtyIngredient2","qtyIngredient3","qtyIngredient4","qtyIngredient5","qtyIngredient6","qtyIngredient7","qtyIngredient8","qtyIngredient9","qtyIngredient10","qtyIngredient11","qtyIngredient12","qtyIngredient13","qtyIngredient14","qtyIngredient15","qtyIngredient16","qtyIngredient17","qtyIngredient18","qtyIngredient19","qtyIngredient20","ingredient1_id","ingredient2_id","ingredient3_id","ingredient4_id","ingredient5_id","ingredient6_id","ingredient7_id","ingredient8_id","ingredient9_id","ingredient10_id","ingredient11_id","ingredient12_id","ingredient13_id","ingredient14_id","ingredient15_id","ingredient16_id","ingredient17_id","ingredient18_id","ingredient19_id","ingredient20_id","scales1_id","scales2_id","scales3_id","scales4_id","scales5_id","scales6_id","scales7_id","scales8_id","scales9_id","scales10_id","scales11_id","scales12_id","scales13_id","scales14_id","scales15_id","scales16_id","scales17_id","scales18_id","scales19_id","scales20_id") VALUES (5,500.0,200.0,50.0,0.5,2.5,0.5,1.25,2.0,0.5,NULL,NULL,NULL,NULL,NULL,NULL,NULL,NULL,NULL,NULL,NULL,17,36,7,13,37,38,39,10,40,NULL,NULL,NULL,NULL,NULL,NULL,NULL,NULL,NULL,NULL,NULL,1,1,1,3,3,2,3,5,NULL,NULL,NULL,NULL,NULL,NULL,NULL,NULL,NULL,NULL,NULL,NULL);
INSERT INTO "Recipes_has_Ingredients" ("id","qtyIngredient1","qtyIngredient2","qtyIngredient3","qtyIngredient4","qtyIngredient5","qtyIngredient6","qtyIngredient7","qtyIngredient8","qtyIngredient9","qtyIngredient10","qtyIngredient11","qtyIngredient12","qtyIngredient13","qtyIngredient14","qtyIngredient15","qtyIngredient16","qtyIngredient17","qtyIngredient18","qtyIngredient19","qtyIngredient20","ingredient1_id","ingredient2_id","ingredient3_id","ingredient4_id","ingredient5_id","ingredient6_id","ingredient7_id","ingredient8_id","ingredient9_id","ingredient10_id","ingredient11_id","ingredient12_id","ingredient13_id","ingredient14_id","ingredient15_id","ingredient16_id","ingredient17_id","ingredient18_id","ingredient19_id","ingredient20_id","scales1_id","scales2_id","scales3_id","scales4_id","scales5_id","scales6_id","scales7_id","scales8_id","scales9_id","scales10_id","scales11_id","scales12_id","scales13_id","scales14_id","scales15_id","scales16_id","scales17_id","scales18_id","scales19_id","scales20_id") VALUES (6,1.0,4.0,150.0,2.0,20.0,2.0,2.0,1.0,1.25,NULL,NULL,NULL,NULL,NULL,NULL,NULL,NULL,NULL,NULL,NULL,41,5,42,36,7,20,19,33,2,NULL,NULL,NULL,NULL,NULL,NULL,NULL,NULL,NULL,NULL,NULL,5,5,1,5,1,6,1,9,2,NULL,NULL,NULL,NULL,NULL,NULL,NULL,NULL,NULL,NULL,NULL);
INSERT INTO "Recipes_has_Ingredients" ("id","qtyIngredient1","qtyIngredient2","qtyIngredient3","qtyIngredient4","qtyIngredient5","qtyIngredient6","qtyIngredient7","qtyIngredient8","qtyIngredient9","qtyIngredient10","qtyIngredient11","qtyIngredient12","qtyIngredient13","qtyIngredient14","qtyIngredient15","qtyIngredient16","qtyIngredient17","qtyIngredient18","qtyIngredient19","qtyIngredient20","ingredient1_id","ingredient2_id","ingredient3_id","ingredient4_id","ingredient5_id","ingredient6_id","ingredient7_id","ingredient8_id","ingredient9_id","ingredient10_id","ingredient11_id","ingredient12_id","ingredient13_id","ingredient14_id","ingredient15_id","ingredient16_id","ingredient17_id","ingredient18_id","ingredient19_id","ingredient20_id","scales1_id","scales2_id","scales3_id","scales4_id","scales5_id","scales6_id","scales7_id","scales8_id","scales9_id","scales10_id","scales11_id","scales12_id","scales13_id","scales14_id","scales15_id","scales16_id","scales17_id","scales18_id","scales19_id","scales20_id") VALUES (7,250.0,200.0,4.0,1.0,2.0,10.0,0.5,2.0,1.0,NULL,NULL,NULL,NULL,NULL,NULL,NULL,NULL,NULL,NULL,NULL,43,44,10,36,25,20,45,19,33,NULL,NULL,NULL,NULL,NULL,NULL,NULL,NULL,NULL,NULL,NULL,1,1,3,5,5,1,10,1,9,NULL,NULL,NULL,NULL,NULL,NULL,NULL,NULL,NULL,NULL,NULL);
INSERT INTO "Recipes_has_Ingredients" ("id","qtyIngredient1","qtyIngredient2","qtyIngredient3","qtyIngredient4","qtyIngredient5","qtyIngredient6","qtyIngredient7","qtyIngredient8","qtyIngredient9","qtyIngredient10","qtyIngredient11","qtyIngredient12","qtyIngredient13","qtyIngredient14","qtyIngredient15","qtyIngredient16","qtyIngredient17","qtyIngredient18","qtyIngredient19","qtyIngredient20","ingredient1_id","ingredient2_id","ingredient3_id","ingredient4_id","ingredient5_id","ingredient6_id","ingredient7_id","ingredient8_id","ingredient9_id","ingredient10_id","ingredient11_id","ingredient12_id","ingredient13_id","ingredient14_id","ingredient15_id","ingredient16_id","ingredient17_id","ingredient18_id","ingredient19_id","ingredient20_id","scales1_id","scales2_id","scales3_id","scales4_id","scales5_id","scales6_id","scales7_id","scales8_id","scales9_id","scales10_id","scales11_id","scales12_id","scales13_id","scales14_id","scales15_id","scales16_id","scales17_id","scales18_id","scales19_id","scales20_id") VALUES (8,400.0,20.0,1.0,0.5,1.5,2.0,NULL,NULL,NULL,NULL,NULL,NULL,NULL,NULL,NULL,NULL,NULL,NULL,NULL,NULL,46,47,3,25,34,48,NULL,NULL,NULL,NULL,NULL,NULL,NULL,NULL,NULL,NULL,NULL,NULL,NULL,NULL,1,1,6,5,3,1,NULL,NULL,NULL,NULL,NULL,NULL,NULL,NULL,NULL,NULL,NULL,NULL,NULL,NULL);
INSERT INTO "Recipes_has_Ingredients" ("id","qtyIngredient1","qtyIngredient2","qtyIngredient3","qtyIngredient4","qtyIngredient5","qtyIngredient6","qtyIngredient7","qtyIngredient8","qtyIngredient9","qtyIngredient10","qtyIngredient11","qtyIngredient12","qtyIngredient13","qtyIngredient14","qtyIngredient15","qtyIngredient16","qtyIngredient17","qtyIngredient18","qtyIngredient19","qtyIngredient20","ingredient1_id","ingredient2_id","ingredient3_id","ingredient4_id","ingredient5_id","ingredient6_id","ingredient7_id","ingredient8_id","ingredient9_id","ingredient10_id","ingredient11_id","ingredient12_id","ingredient13_id","ingredient14_id","ingredient15_id","ingredient16_id","ingredient17_id","ingredient18_id","ingredient19_id","ingredient20_id","scales1_id","scales2_id","scales3_id","scales4_id","scales5_id","scales6_id","scales7_id","scales8_id","scales9_id","scales10_id","scales11_id","scales12_id","scales13_id","scales14_id","scales15_id","scales16_id","scales17_id","scales18_id","scales19_id","scales20_id") VALUES (9,250.0,1.0,2.0,150.0,1.5,1.0,1.0,16.0,2.0,10.0,0.5,1.5,0.15,4.0,1.0,6.25,NULL,NULL,NULL,NULL,17,5,46,42,36,25,37,49,13,20,50,29,38,33,19,35,NULL,NULL,NULL,NULL,1,5,5,1,5,5,3,3,3,1,3,4,3,9,1,2,NULL,NULL,NULL,NULL);
INSERT INTO "Recipes_has_Ingredients" ("id","qtyIngredient1","qtyIngredient2","qtyIngredient3","qtyIngredient4","qtyIngredient5","qtyIngredient6","qtyIngredient7","qtyIngredient8","qtyIngredient9","qtyIngredient10","qtyIngredient11","qtyIngredient12","qtyIngredient13","qtyIngredient14","qtyIngredient15","qtyIngredient16","qtyIngredient17","qtyIngredient18","qtyIngredient19","qtyIngredient20","ingredient1_id","ingredient2_id","ingredient3_id","ingredient4_id","ingredient5_id","ingredient6_id","ingredient7_id","ingredient8_id","ingredient9_id","ingredient10_id","ingredient11_id","ingredient12_id","ingredient13_id","ingredient14_id","ingredient15_id","ingredient16_id","ingredient17_id","ingredient18_id","ingredient19_id","ingredient20_id","scales1_id","scales2_id","scales3_id","scales4_id","scales5_id","scales6_id","scales7_id","scales8_id","scales9_id","scales10_id","scales11_id","scales12_id","scales13_id","scales14_id","scales15_id","scales16_id","scales17_id","scales18_id","scales19_id","scales20_id") VALUES (10,400.0,150.0,5.0,6.0,1.0,0.75,0.75,1.0,2.0,1.0,1.0,30.0,2.0,1.0,NULL,NULL,NULL,NULL,NULL,NULL,51,52,2,26,36,53,34,54,55,56,10,57,19,33,NULL,NULL,NULL,NULL,NULL,NULL,1,1,2,5,5,2,2,4,3,3,3,1,1,9,NULL,NULL,NULL,NULL,NULL,NULL);
INSERT INTO "Recipes_has_Ingredients" ("id","qtyIngredient1","qtyIngredient2","qtyIngredient3","qtyIngredient4","qtyIngredient5","qtyIngredient6","qtyIngredient7","qtyIngredient8","qtyIngredient9","qtyIngredient10","qtyIngredient11","qtyIngredient12","qtyIngredient13","qtyIngredient14","qtyIngredient15","qtyIngredient16","qtyIngredient17","qtyIngredient18","qtyIngredient19","qtyIngredient20","ingredient1_id","ingredient2_id","ingredient3_id","ingredient4_id","ingredient5_id","ingredient6_id","ingredient7_id","ingredient8_id","ingredient9_id","ingredient10_id","ingredient11_id","ingredient12_id","ingredient13_id","ingredient14_id","ingredient15_id","ingredient16_id","ingredient17_id","ingredient18_id","ingredient19_id","ingredient20_id","scales1_id","scales2_id","scales3_id","scales4_id","scales5_id","scales6_id","scales7_id","scales8_id","scales9_id","scales10_id","scales11_id","scales12_id","scales13_id","scales14_id","scales15_id","scales16_id","scales17_id","scales18_id","scales19_id","scales20_id") VALUES (11,200.0,400.0,1.0,1.0,2.0,2.0,1.0,2.0,1.0,1.0,3.0,2.0,1.0,120.0,NULL,NULL,NULL,NULL,NULL,NULL,58,51,25,16,59,60,36,23,19,33,61,34,55,52,NULL,NULL,NULL,NULL,NULL,NULL,1,1,5,6,5,5,5,5,1,9,3,3,3,1,NULL,NULL,NULL,NULL,NULL,NULL);
INSERT INTO "Recipes_has_Ingredients" ("id","qtyIngredient1","qtyIngredient2","qtyIngredient3","qtyIngredient4","qtyIngredient5","qtyIngredient6","qtyIngredient7","qtyIngredient8","qtyIngredient9","qtyIngredient10","qtyIngredient11","qtyIngredient12","qtyIngredient13","qtyIngredient14","qtyIngredient15","qtyIngredient16","qtyIngredient17","qtyIngredient18","qtyIngredient19","qtyIngredient20","ingredient1_id","ingredient2_id","ingredient3_id","ingredient4_id","ingredient5_id","ingredient6_id","ingredient7_id","ingredient8_id","ingredient9_id","ingredient10_id","ingredient11_id","ingredient12_id","ingredient13_id","ingredient14_id","ingredient15_id","ingredient16_id","ingredient17_id","ingredient18_id","ingredient19_id","ingredient20_id","scales1_id","scales2_id","scales3_id","scales4_id","scales5_id","scales6_id","scales7_id","scales8_id","scales9_id","scales10_id","scales11_id","scales12_id","scales13_id","scales14_id","scales15_id","scales16_id","scales17_id","scales18_id","scales19_id","scales20_id") VALUES (12,200.0,7.5,3.0,200.0,0.5,0.5,1.0,1.0,0.5,1.0,NULL,NULL,NULL,NULL,NULL,NULL,NULL,NULL,NULL,NULL,62,35,63,26,24,34,53,33,10,19,NULL,NULL,NULL,NULL,NULL,NULL,NULL,NULL,NULL,NULL,1,2,2,1,5,3,2,9,2,1,NULL,NULL,NULL,NULL,NULL,NULL,NULL,NULL,NULL,NULL);
INSERT INTO "Instructions" ("id","instruction") VALUES (1,'Disposez dans une cocotte les morceaux d''agneau, le cube de bouillon, le romarin et le laurier, la carotte coupée en rondelle, le jus de citron et couvrez d''eau.');
INSERT INTO "Instructions" ("id","instruction") VALUES (2,'Couvrez et laissez cuire environ 1 heure. Réservez la viande et la carotte. Jetez le romarin et le laurier.');
INSERT INTO "Instructions" ("id","instruction") VALUES (3,'Dans une casserole, préparez le roux en faisant fondre le beurre puis en y ajoutant la farine. Bien mélangez puis ajoutez peu à peu le bouillon de cuisson de la viande.');
INSERT INTO "Instructions" ("id","instruction") VALUES (4,'Mélangez le jaune d''oeuf et la crème dans un bol puis ajoutez à la sauce.');
INSERT INTO "Instructions" ("id","instruction") VALUES (5,'Rajoutez la viande et la carotte, puis laissez mijotez doucement (surtout ne pas faire bouillir sinon, la sauce tournerait). Rajoutez des rondelles de cornichons, si vous aimez.

');
INSERT INTO "Instructions" ("id","instruction") VALUES (6,'Dégustez si possible réchauffé, avec des pommes de terre vapeur.');
INSERT INTO "Instructions" ("id","instruction") VALUES (7,'Couper le poulet en morceaux et piquer ceux-ci sur des brochettes en bois. 

');
INSERT INTO "Instructions" ("id","instruction") VALUES (8,'Assaisonner, puis les rôtir sur tous les côtés dans l’huile chaude. ');
INSERT INTO "Instructions" ("id","instruction") VALUES (9,'Parer les carottes et le poireau, puis les tailler en fines lanières. ');
INSERT INTO "Instructions" ("id","instruction") VALUES (10,'Plonger les légumes dans le bouillon de poule et les faire cuire pendant 3 minutes environ, sans trop les laisser ramollir. ');
INSERT INTO "Instructions" ("id","instruction") VALUES (11,'Affiner avec la crème à café. ');
INSERT INTO "Instructions" ("id","instruction") VALUES (12,'Ajouter la ciboulette et napper les brochettes de sauce.');
INSERT INTO "Instructions" ("id","instruction") VALUES (13,'Couper la viande en fines lamelles');
INSERT INTO "Instructions" ("id","instruction") VALUES (14,'Chauffer le beurre dans une poêle, y mettre la viande et tout en remuant la faire revenir de tous les côtés. ');
INSERT INTO "Instructions" ("id","instruction") VALUES (15,'Assaisonner légèrement de poivre.');
INSERT INTO "Instructions" ("id","instruction") VALUES (16,'Ajouter le cognac et faire flamber.');
INSERT INTO "Instructions" ("id","instruction") VALUES (17,'Incorporer la crème fraîche en remuant et laisser cuire doucement à petit feu pendant 8 à 10min. Si nécessaire, verser encore un peu de crème.');
INSERT INTO "Instructions" ("id","instruction") VALUES (18,'Battre le jaune d''œuf et le laisser couler dans la sauce en train de bouillir. Retirer la poêle du feu.');
INSERT INTO "Instructions" ("id","instruction") VALUES (19,'Dresser la viande sur un plat chauffé, saupoudrer de persil et servir.');
INSERT INTO "Instructions" ("id","instruction") VALUES (20,'Émincez votre dinde en petits morceaux.');
INSERT INTO "Instructions" ("id","instruction") VALUES (21,'Faites chauffer l''huile d''olive dans une cocotte.');
INSERT INTO "Instructions" ("id","instruction") VALUES (22,'Quand l''huile est chaude ajoutez vos morceaux de dinde, salez, poivrez puis faites les dorer à feu vif.');
INSERT INTO "Instructions" ("id","instruction") VALUES (23,'Quand ils ont doré, réservez les dans une assiette.');
INSERT INTO "Instructions" ("id","instruction") VALUES (24,'Faites revenir votre poivron en morceaux environ 10 minutes à feu moyen en ajoutant de l''huile d''olive si nécessaire.');
INSERT INTO "Instructions" ("id","instruction") VALUES (25,'Ajoutez les échalotes, les gousses d''ail émincées et faites revenir 5 minutes en remuant souvent.');
INSERT INTO "Instructions" ("id","instruction") VALUES (26,'Ajouter les champignons émincés et faites les revenir 5 minutes.');
INSERT INTO "Instructions" ("id","instruction") VALUES (27,'Remettez l''émincé de dinde dans votre cocotte avec le reste de vos légumes et mélanger.');
INSERT INTO "Instructions" ("id","instruction") VALUES (28,'Saupoudrez le curry, le curcuma et le gingembre.');
INSERT INTO "Instructions" ("id","instruction") VALUES (29,'Ajouter de l''eau (attention à ne pas mettre trop d''eau) pour recouvrir l''ensemble et mélanger.');
INSERT INTO "Instructions" ("id","instruction") VALUES (30,'Ajouter le romarin, le thym, la ciboulette et le basilic émincés.');
INSERT INTO "Instructions" ("id","instruction") VALUES (31,'Salez, poivrez et laisser mijoter à feu doux pendant 30 minutes, le temps que la sauce réduise un peu.');
INSERT INTO "Instructions" ("id","instruction") VALUES (32,'Ajouter le lait de coco, une cuillère de Maïzena, remuez et laisser mijoter à feu très doux 1 heure.');
INSERT INTO "Instructions" ("id","instruction") VALUES (33,'Votre sauce est prête quand elle à assez réduite et que sa consistance est onctueuse.');
INSERT INTO "Instructions" ("id","instruction") VALUES (34,'Faites cuire votre riz et servez le accompagné de votre sauce au curry.');
INSERT INTO "Instructions" ("id","instruction") VALUES (35,'Eplucher et émincer les oignons. Les faire revenir dans le beurre et l''huile. ');
INSERT INTO "Instructions" ("id","instruction") VALUES (36,'Quand les oignons ont bien fondus et forment un "amas pâteux", ajouter la viande coupée en morceaux de taille moyenne. ');
INSERT INTO "Instructions" ("id","instruction") VALUES (37,'Ajouter le concentré de tomates, sel poivre, bouquet garni et bouillon de boeuf. Fermer la cocotte car la viande ne doit pas dorer.');
INSERT INTO "Instructions" ("id","instruction") VALUES (38,'Laisser cuire à feu très doux pendant 3 heures.');
INSERT INTO "Instructions" ("id","instruction") VALUES (39,'Ajouter le paprika une heure avant de servir.');
INSERT INTO "Instructions" ("id","instruction") VALUES (40,'Incorporer la crème fraîche au dernier moment, laisser chauffer et servir.');
INSERT INTO "Instructions" ("id","instruction") VALUES (41,'Emincer la laitue en lamelles et éplucher et couper les carottes en rondelles.');
INSERT INTO "Instructions" ("id","instruction") VALUES (42,'Faire revenir l''oignon émincé dans du beurre, y ajouter la laitue ainsi que les carottes.');
INSERT INTO "Instructions" ("id","instruction") VALUES (43,'Saler, poivrer.');
INSERT INTO "Instructions" ("id","instruction") VALUES (44,'Recouvrir avec du bouillon et laisser cuire une dizaine de minutes.');
INSERT INTO "Instructions" ("id","instruction") VALUES (45,'Ajouter les petits pois et cuire encore 10 minutes.');
INSERT INTO "Instructions" ("id","instruction") VALUES (46,'Egoutter s''il reste du liquide et saupoudrer de persil.');
INSERT INTO "Instructions" ("id","instruction") VALUES (47,'Faire cuire les pâtes.');
INSERT INTO "Instructions" ("id","instruction") VALUES (48,'Faire revenir l''ail et les oignons dans une sauteuse dans de l''huile d''olive.');
INSERT INTO "Instructions" ("id","instruction") VALUES (49,'Ajouter les chanterelles, les laisser dégorger en remuant régulièrement.');
INSERT INTO "Instructions" ("id","instruction") VALUES (50,'Laisser l''eau s''évaporer.');
INSERT INTO "Instructions" ("id","instruction") VALUES (51,'Ajouter le verre de vin blanc et la crème.');
INSERT INTO "Instructions" ("id","instruction") VALUES (52,'Laisser épaissir à feu moyen.');
INSERT INTO "Instructions" ("id","instruction") VALUES (53,'Rectifier l''assaisonnement, ajouter le persil.');
INSERT INTO "Instructions" ("id","instruction") VALUES (54,'Servir avec les pâtes bien chaudes.');
INSERT INTO "Instructions" ("id","instruction") VALUES (55,'Peler et couper en deux dans le sens de la longueur les pommes de terre.');
INSERT INTO "Instructions" ("id","instruction") VALUES (56,'Les cuire dans de l’eau sans trop les laisser ramollir');
INSERT INTO "Instructions" ("id","instruction") VALUES (57,'Bien égoutter les tomates et les tailler en fines lanières.');
INSERT INTO "Instructions" ("id","instruction") VALUES (58,'Faire chauffer l’huile d’olive et y faire dorer lentement les pommes de terre. ');
INSERT INTO "Instructions" ("id","instruction") VALUES (59,'Ajouter les tomates, l’ail et le romarin, puis faire rissoler le tout encore 2 minutes.');
INSERT INTO "Instructions" ("id","instruction") VALUES (60,'Assaisonner.');
INSERT INTO "Instructions" ("id","instruction") VALUES (61,'Découper le boeuf en petits cubes de 3 cm environ et hacher les oignons.');
INSERT INTO "Instructions" ("id","instruction") VALUES (62,'Verser l''huile dans une cocotte minute puis ajouter le boeuf, les oignons hachés, le concentré de tomate, la sauce tomate, l''ail haché, le sel, le poivre, et le reste des épices.');
INSERT INTO "Instructions" ("id","instruction") VALUES (63,'Faites revenir 2 à 3 min à feu fort tout en remuant, puis ajouter l''eau, de façon à ce que la viande soit recouverte par 2 fois son volume environ.');
INSERT INTO "Instructions" ("id","instruction") VALUES (64,'Fermer la cocotte minute puis faire cuire 30 min à partir de la rotation de la soupape.');
INSERT INTO "Instructions" ("id","instruction") VALUES (65,'Eplucher les pommes de terres et les carottes.');
INSERT INTO "Instructions" ("id","instruction") VALUES (66,'Laver et ciseler le persil.');
INSERT INTO "Instructions" ("id","instruction") VALUES (67,'Couper les pommes de terres en quatre et les carottes en rondelles.');
INSERT INTO "Instructions" ("id","instruction") VALUES (68,'Au bout des 35 minutes arrêter la cuisson, ouvrir votre cocotte, rectifier l''assaisonnement si nécessaire, ajouter le persil, les carottes, les pommes de terres et vos petits pois. (Vérifier le niveau d''eau, les légumes doivent être recouverts).');
INSERT INTO "Instructions" ("id","instruction") VALUES (69,'Relancer la cuisson pendant encore 25 minutes à partir de la rotation de la soupape.');
INSERT INTO "Instructions" ("id","instruction") VALUES (70,'Emincer finement les oignons, les champignons et couper le poulet en dés d''environ 2 cm.');
INSERT INTO "Instructions" ("id","instruction") VALUES (71,'Préparer le bouillon de poule.');
INSERT INTO "Instructions" ("id","instruction") VALUES (72,'Effeuiller et ciseler finement la coriandre.');
INSERT INTO "Instructions" ("id","instruction") VALUES (73,'Dans un fait-tout ou une grande sauteuse, faire chauffer 4 ou 5 cuillerées à soupe d''huile d''olive.');
INSERT INTO "Instructions" ("id","instruction") VALUES (74,'Faire revenir les oignons dans l''huile 5 min environ le temps qu''ils dorent et fondent.');
INSERT INTO "Instructions" ("id","instruction") VALUES (75,'Baisser le feu.');
INSERT INTO "Instructions" ("id","instruction") VALUES (76,'Ajouter le riz et les champignons et faire chauffer 3 min environ en remuant sans cesse. Saler un peu.');
INSERT INTO "Instructions" ("id","instruction") VALUES (77,'Ajouter le vin blanc et laisser évaporer.');
INSERT INTO "Instructions" ("id","instruction") VALUES (78,'Lorsqu''il s''est évaporé, ajouter 2 louches de bouillon. Attendre l''évaporation.');
INSERT INTO "Instructions" ("id","instruction") VALUES (79,'Ajouter une cuillère à café de mélange 4 épices.');
INSERT INTO "Instructions" ("id","instruction") VALUES (80,'Continuer ainsi de suite jusqu''à finir la casserole de bouillon, et qu''il soit complètement évaporé du riz.');
INSERT INTO "Instructions" ("id","instruction") VALUES (81,'Pendant la cuisson du riz, préparer le poulet : dans un wok ou une sauteuse (la viande sera plus tendre dans le wok), faire chauffer un peu d''huile d''olive.');
INSERT INTO "Instructions" ("id","instruction") VALUES (82,'Ajouter les morceaux de poulet, et immédiatement baisser le feu. Si le poulet cuit lentement sur feu doux il sera plus tendre. Saler un peu.');
INSERT INTO "Instructions" ("id","instruction") VALUES (83,'Remuer sans cesse, sans oublier de surveiller la cuisson et l''arrosage du riz !');
INSERT INTO "Instructions" ("id","instruction") VALUES (84,'Lorsque le poulet est devenu opaque, ajouter la sauce soja et le miel. Bien mélanger.');
INSERT INTO "Instructions" ("id","instruction") VALUES (85,'Laisser le poulet cuire encore 2 minutes.');
INSERT INTO "Instructions" ("id","instruction") VALUES (86,'Lorsque la cuisson du riz est terminée (réserve de bouillon épuisée et bouillon), ajouter le poulet et son jus de cuisson au risotto.');
INSERT INTO "Instructions" ("id","instruction") VALUES (87,'Bien mélanger, puis ajouter la crème fraîche et mélanger de nouveau.');
INSERT INTO "Instructions" ("id","instruction") VALUES (88,'Ajustez l''assaisonnement sel/poivre et servir bien chaud, le tout parsemé de coriandre.');
INSERT INTO "Instructions" ("id","instruction") VALUES (89,'Faire cuire le riz dans une casserole d''eau bouillante salée.');
INSERT INTO "Instructions" ("id","instruction") VALUES (90,'L''égoutter et le réserver.');
INSERT INTO "Instructions" ("id","instruction") VALUES (91,'Hacher l''ail, l''oignon, et les poivrons.');
INSERT INTO "Instructions" ("id","instruction") VALUES (92,'Faire chauffer l''huile d''olive dans une grande poêle, y jeter les poivron, l''ail et l''oignon.');
INSERT INTO "Instructions" ("id","instruction") VALUES (93,'Faire dorer.');
INSERT INTO "Instructions" ("id","instruction") VALUES (94,'Y ajouter les crevettes et les faire dorer.');
INSERT INTO "Instructions" ("id","instruction") VALUES (95,'Ajouter 2 cuillères à soupe de curry en poudre.');
INSERT INTO "Instructions" ("id","instruction") VALUES (96,'Ajouter le poulet coupé en petits morceaux, laisser dorer.');
INSERT INTO "Instructions" ("id","instruction") VALUES (97,'Incorporer ensuite, les dés de tomate et les cubes de courgettes, laisser cuire à feu doux.');
INSERT INTO "Instructions" ("id","instruction") VALUES (98,'Ajouter à nouveau du curry en poudre et de la sauce soja.');
INSERT INTO "Instructions" ("id","instruction") VALUES (99,'Couvrir avec le riz, et remuer de temps en temps avec une spatule.');
INSERT INTO "Instructions" ("id","instruction") VALUES (100,'Cuire les pâtes dans de l''eau bouillante, additionnée de bouillon d''épices pour pâtes.');
INSERT INTO "Instructions" ("id","instruction") VALUES (101,'Parer les champignons, émincer les plus gros et étuver avec l''échalote dans l''huile grésillante. ');
INSERT INTO "Instructions" ("id","instruction") VALUES (102,'Déglacer au vin blanc.');
INSERT INTO "Instructions" ("id","instruction") VALUES (103,'Réduire légèrement. Affiner avec la crème. ');
INSERT INTO "Instructions" ("id","instruction") VALUES (104,'Réchauffer et en napper les pâtes soigneusement égouttées. ');
INSERT INTO "Instructions" ("id","instruction") VALUES (114,'Servir chaud');
INSERT INTO "Instructions_has_Recipes" ("id","Recipes_id","Instructions_id","InstructionNb") VALUES (1,1,1,1);
INSERT INTO "Instructions_has_Recipes" ("id","Recipes_id","Instructions_id","InstructionNb") VALUES (2,1,2,2);
INSERT INTO "Instructions_has_Recipes" ("id","Recipes_id","Instructions_id","InstructionNb") VALUES (3,1,3,3);
INSERT INTO "Instructions_has_Recipes" ("id","Recipes_id","Instructions_id","InstructionNb") VALUES (4,1,4,4);
INSERT INTO "Instructions_has_Recipes" ("id","Recipes_id","Instructions_id","InstructionNb") VALUES (5,1,5,5);
INSERT INTO "Instructions_has_Recipes" ("id","Recipes_id","Instructions_id","InstructionNb") VALUES (6,1,6,6);
INSERT INTO "Instructions_has_Recipes" ("id","Recipes_id","Instructions_id","InstructionNb") VALUES (7,2,7,1);
INSERT INTO "Instructions_has_Recipes" ("id","Recipes_id","Instructions_id","InstructionNb") VALUES (8,2,8,2);
INSERT INTO "Instructions_has_Recipes" ("id","Recipes_id","Instructions_id","InstructionNb") VALUES (9,2,9,3);
INSERT INTO "Instructions_has_Recipes" ("id","Recipes_id","Instructions_id","InstructionNb") VALUES (10,2,10,4);
INSERT INTO "Instructions_has_Recipes" ("id","Recipes_id","Instructions_id","InstructionNb") VALUES (11,2,11,5);
INSERT INTO "Instructions_has_Recipes" ("id","Recipes_id","Instructions_id","InstructionNb") VALUES (12,2,12,6);
INSERT INTO "Instructions_has_Recipes" ("id","Recipes_id","Instructions_id","InstructionNb") VALUES (13,3,13,1);
INSERT INTO "Instructions_has_Recipes" ("id","Recipes_id","Instructions_id","InstructionNb") VALUES (14,3,14,2);
INSERT INTO "Instructions_has_Recipes" ("id","Recipes_id","Instructions_id","InstructionNb") VALUES (15,3,15,3);
INSERT INTO "Instructions_has_Recipes" ("id","Recipes_id","Instructions_id","InstructionNb") VALUES (16,3,16,4);
INSERT INTO "Instructions_has_Recipes" ("id","Recipes_id","Instructions_id","InstructionNb") VALUES (17,3,17,5);
INSERT INTO "Instructions_has_Recipes" ("id","Recipes_id","Instructions_id","InstructionNb") VALUES (18,3,18,6);
INSERT INTO "Instructions_has_Recipes" ("id","Recipes_id","Instructions_id","InstructionNb") VALUES (19,3,19,7);
INSERT INTO "Instructions_has_Recipes" ("id","Recipes_id","Instructions_id","InstructionNb") VALUES (20,4,20,1);
INSERT INTO "Instructions_has_Recipes" ("id","Recipes_id","Instructions_id","InstructionNb") VALUES (21,4,21,2);
INSERT INTO "Instructions_has_Recipes" ("id","Recipes_id","Instructions_id","InstructionNb") VALUES (22,4,22,3);
INSERT INTO "Instructions_has_Recipes" ("id","Recipes_id","Instructions_id","InstructionNb") VALUES (23,4,23,4);
INSERT INTO "Instructions_has_Recipes" ("id","Recipes_id","Instructions_id","InstructionNb") VALUES (24,4,24,5);
INSERT INTO "Instructions_has_Recipes" ("id","Recipes_id","Instructions_id","InstructionNb") VALUES (25,4,25,6);
INSERT INTO "Instructions_has_Recipes" ("id","Recipes_id","Instructions_id","InstructionNb") VALUES (26,4,26,7);
INSERT INTO "Instructions_has_Recipes" ("id","Recipes_id","Instructions_id","InstructionNb") VALUES (27,4,27,8);
INSERT INTO "Instructions_has_Recipes" ("id","Recipes_id","Instructions_id","InstructionNb") VALUES (28,4,28,9);
INSERT INTO "Instructions_has_Recipes" ("id","Recipes_id","Instructions_id","InstructionNb") VALUES (29,4,29,10);
INSERT INTO "Instructions_has_Recipes" ("id","Recipes_id","Instructions_id","InstructionNb") VALUES (30,4,30,11);
INSERT INTO "Instructions_has_Recipes" ("id","Recipes_id","Instructions_id","InstructionNb") VALUES (31,4,31,12);
INSERT INTO "Instructions_has_Recipes" ("id","Recipes_id","Instructions_id","InstructionNb") VALUES (32,4,32,13);
INSERT INTO "Instructions_has_Recipes" ("id","Recipes_id","Instructions_id","InstructionNb") VALUES (33,4,33,14);
INSERT INTO "Instructions_has_Recipes" ("id","Recipes_id","Instructions_id","InstructionNb") VALUES (34,4,34,15);
INSERT INTO "Instructions_has_Recipes" ("id","Recipes_id","Instructions_id","InstructionNb") VALUES (35,5,35,1);
INSERT INTO "Instructions_has_Recipes" ("id","Recipes_id","Instructions_id","InstructionNb") VALUES (36,5,36,2);
INSERT INTO "Instructions_has_Recipes" ("id","Recipes_id","Instructions_id","InstructionNb") VALUES (37,5,37,3);
INSERT INTO "Instructions_has_Recipes" ("id","Recipes_id","Instructions_id","InstructionNb") VALUES (38,5,38,4);
INSERT INTO "Instructions_has_Recipes" ("id","Recipes_id","Instructions_id","InstructionNb") VALUES (39,5,39,5);
INSERT INTO "Instructions_has_Recipes" ("id","Recipes_id","Instructions_id","InstructionNb") VALUES (40,5,40,6);
INSERT INTO "Instructions_has_Recipes" ("id","Recipes_id","Instructions_id","InstructionNb") VALUES (41,6,41,1);
INSERT INTO "Instructions_has_Recipes" ("id","Recipes_id","Instructions_id","InstructionNb") VALUES (42,6,42,2);
INSERT INTO "Instructions_has_Recipes" ("id","Recipes_id","Instructions_id","InstructionNb") VALUES (43,6,43,3);
INSERT INTO "Instructions_has_Recipes" ("id","Recipes_id","Instructions_id","InstructionNb") VALUES (44,6,44,4);
INSERT INTO "Instructions_has_Recipes" ("id","Recipes_id","Instructions_id","InstructionNb") VALUES (45,6,45,5);
INSERT INTO "Instructions_has_Recipes" ("id","Recipes_id","Instructions_id","InstructionNb") VALUES (46,6,46,6);
INSERT INTO "Instructions_has_Recipes" ("id","Recipes_id","Instructions_id","InstructionNb") VALUES (47,7,47,1);
INSERT INTO "Instructions_has_Recipes" ("id","Recipes_id","Instructions_id","InstructionNb") VALUES (48,7,48,2);
INSERT INTO "Instructions_has_Recipes" ("id","Recipes_id","Instructions_id","InstructionNb") VALUES (49,7,49,3);
INSERT INTO "Instructions_has_Recipes" ("id","Recipes_id","Instructions_id","InstructionNb") VALUES (50,7,50,4);
INSERT INTO "Instructions_has_Recipes" ("id","Recipes_id","Instructions_id","InstructionNb") VALUES (51,7,51,5);
INSERT INTO "Instructions_has_Recipes" ("id","Recipes_id","Instructions_id","InstructionNb") VALUES (52,7,52,6);
INSERT INTO "Instructions_has_Recipes" ("id","Recipes_id","Instructions_id","InstructionNb") VALUES (53,7,53,7);
INSERT INTO "Instructions_has_Recipes" ("id","Recipes_id","Instructions_id","InstructionNb") VALUES (54,7,54,8);
INSERT INTO "Instructions_has_Recipes" ("id","Recipes_id","Instructions_id","InstructionNb") VALUES (55,8,55,1);
INSERT INTO "Instructions_has_Recipes" ("id","Recipes_id","Instructions_id","InstructionNb") VALUES (56,8,56,2);
INSERT INTO "Instructions_has_Recipes" ("id","Recipes_id","Instructions_id","InstructionNb") VALUES (57,8,57,3);
INSERT INTO "Instructions_has_Recipes" ("id","Recipes_id","Instructions_id","InstructionNb") VALUES (58,8,58,4);
INSERT INTO "Instructions_has_Recipes" ("id","Recipes_id","Instructions_id","InstructionNb") VALUES (59,8,59,5);
INSERT INTO "Instructions_has_Recipes" ("id","Recipes_id","Instructions_id","InstructionNb") VALUES (60,8,60,6);
INSERT INTO "Instructions_has_Recipes" ("id","Recipes_id","Instructions_id","InstructionNb") VALUES (61,9,61,1);
INSERT INTO "Instructions_has_Recipes" ("id","Recipes_id","Instructions_id","InstructionNb") VALUES (62,9,62,2);
INSERT INTO "Instructions_has_Recipes" ("id","Recipes_id","Instructions_id","InstructionNb") VALUES (63,9,63,3);
INSERT INTO "Instructions_has_Recipes" ("id","Recipes_id","Instructions_id","InstructionNb") VALUES (64,9,64,4);
INSERT INTO "Instructions_has_Recipes" ("id","Recipes_id","Instructions_id","InstructionNb") VALUES (65,9,65,5);
INSERT INTO "Instructions_has_Recipes" ("id","Recipes_id","Instructions_id","InstructionNb") VALUES (66,9,66,6);
INSERT INTO "Instructions_has_Recipes" ("id","Recipes_id","Instructions_id","InstructionNb") VALUES (67,9,67,7);
INSERT INTO "Instructions_has_Recipes" ("id","Recipes_id","Instructions_id","InstructionNb") VALUES (68,9,68,8);
INSERT INTO "Instructions_has_Recipes" ("id","Recipes_id","Instructions_id","InstructionNb") VALUES (69,9,69,9);
INSERT INTO "Instructions_has_Recipes" ("id","Recipes_id","Instructions_id","InstructionNb") VALUES (70,10,70,1);
INSERT INTO "Instructions_has_Recipes" ("id","Recipes_id","Instructions_id","InstructionNb") VALUES (71,10,71,2);
INSERT INTO "Instructions_has_Recipes" ("id","Recipes_id","Instructions_id","InstructionNb") VALUES (72,10,72,3);
INSERT INTO "Instructions_has_Recipes" ("id","Recipes_id","Instructions_id","InstructionNb") VALUES (73,10,73,4);
INSERT INTO "Instructions_has_Recipes" ("id","Recipes_id","Instructions_id","InstructionNb") VALUES (74,10,74,5);
INSERT INTO "Instructions_has_Recipes" ("id","Recipes_id","Instructions_id","InstructionNb") VALUES (75,10,75,6);
INSERT INTO "Instructions_has_Recipes" ("id","Recipes_id","Instructions_id","InstructionNb") VALUES (76,10,76,7);
INSERT INTO "Instructions_has_Recipes" ("id","Recipes_id","Instructions_id","InstructionNb") VALUES (77,10,77,8);
INSERT INTO "Instructions_has_Recipes" ("id","Recipes_id","Instructions_id","InstructionNb") VALUES (78,10,78,9);
INSERT INTO "Instructions_has_Recipes" ("id","Recipes_id","Instructions_id","InstructionNb") VALUES (79,10,79,10);
INSERT INTO "Instructions_has_Recipes" ("id","Recipes_id","Instructions_id","InstructionNb") VALUES (80,10,80,11);
INSERT INTO "Instructions_has_Recipes" ("id","Recipes_id","Instructions_id","InstructionNb") VALUES (81,10,81,12);
INSERT INTO "Instructions_has_Recipes" ("id","Recipes_id","Instructions_id","InstructionNb") VALUES (82,10,82,13);
INSERT INTO "Instructions_has_Recipes" ("id","Recipes_id","Instructions_id","InstructionNb") VALUES (83,10,83,14);
INSERT INTO "Instructions_has_Recipes" ("id","Recipes_id","Instructions_id","InstructionNb") VALUES (84,10,84,15);
INSERT INTO "Instructions_has_Recipes" ("id","Recipes_id","Instructions_id","InstructionNb") VALUES (85,10,85,16);
INSERT INTO "Instructions_has_Recipes" ("id","Recipes_id","Instructions_id","InstructionNb") VALUES (86,10,86,17);
INSERT INTO "Instructions_has_Recipes" ("id","Recipes_id","Instructions_id","InstructionNb") VALUES (87,10,87,18);
INSERT INTO "Instructions_has_Recipes" ("id","Recipes_id","Instructions_id","InstructionNb") VALUES (88,10,88,19);
INSERT INTO "Instructions_has_Recipes" ("id","Recipes_id","Instructions_id","InstructionNb") VALUES (89,11,89,1);
INSERT INTO "Instructions_has_Recipes" ("id","Recipes_id","Instructions_id","InstructionNb") VALUES (90,11,90,2);
INSERT INTO "Instructions_has_Recipes" ("id","Recipes_id","Instructions_id","InstructionNb") VALUES (91,11,91,3);
INSERT INTO "Instructions_has_Recipes" ("id","Recipes_id","Instructions_id","InstructionNb") VALUES (92,11,92,4);
INSERT INTO "Instructions_has_Recipes" ("id","Recipes_id","Instructions_id","InstructionNb") VALUES (93,11,93,5);
INSERT INTO "Instructions_has_Recipes" ("id","Recipes_id","Instructions_id","InstructionNb") VALUES (94,11,94,6);
INSERT INTO "Instructions_has_Recipes" ("id","Recipes_id","Instructions_id","InstructionNb") VALUES (95,11,43,7);
INSERT INTO "Instructions_has_Recipes" ("id","Recipes_id","Instructions_id","InstructionNb") VALUES (96,11,95,8);
INSERT INTO "Instructions_has_Recipes" ("id","Recipes_id","Instructions_id","InstructionNb") VALUES (97,11,96,9);
INSERT INTO "Instructions_has_Recipes" ("id","Recipes_id","Instructions_id","InstructionNb") VALUES (98,11,97,10);
INSERT INTO "Instructions_has_Recipes" ("id","Recipes_id","Instructions_id","InstructionNb") VALUES (99,11,98,11);
INSERT INTO "Instructions_has_Recipes" ("id","Recipes_id","Instructions_id","InstructionNb") VALUES (100,11,99,12);
INSERT INTO "Instructions_has_Recipes" ("id","Recipes_id","Instructions_id","InstructionNb") VALUES (101,12,100,1);
INSERT INTO "Instructions_has_Recipes" ("id","Recipes_id","Instructions_id","InstructionNb") VALUES (102,12,101,2);
INSERT INTO "Instructions_has_Recipes" ("id","Recipes_id","Instructions_id","InstructionNb") VALUES (103,12,102,3);
INSERT INTO "Instructions_has_Recipes" ("id","Recipes_id","Instructions_id","InstructionNb") VALUES (104,12,103,4);
INSERT INTO "Instructions_has_Recipes" ("id","Recipes_id","Instructions_id","InstructionNb") VALUES (105,12,104,5);
INSERT INTO "Instructions_has_Recipes" ("id","Recipes_id","Instructions_id","InstructionNb") VALUES (106,12,43,6);
INSERT INTO "Instructions_has_Recipes" ("id","Recipes_id","Instructions_id","InstructionNb") VALUES (108,7,114,81);
INSERT INTO "Recipes" ("id","title","completionTime","lowBudget","score","imagePath") VALUES (1,'Blanquette d''agneau',105,0,0,'blanquette-agneau');
INSERT INTO "Recipes" ("id","title","completionTime","lowBudget","score","imagePath") VALUES (2,'Brochettes de poulet en sauce julienne de légumes',20,1,0,'brochettes-poulet-sauce-julienne-legumes');
INSERT INTO "Recipes" ("id","title","completionTime","lowBudget","score","imagePath") VALUES (3,'Emincé de boeuf à la crème',30,1,1,'emince-boeuf-creme');
INSERT INTO "Recipes" ("id","title","completionTime","lowBudget","score","imagePath") VALUES (4,'Emincé de dinde au curry',85,1,0,'emince-dinde-curry');
INSERT INTO "Recipes" ("id","title","completionTime","lowBudget","score","imagePath") VALUES (5,'Goulash de boeuf',210,0,3,'goulash-boeuf');
INSERT INTO "Recipes" ("id","title","completionTime","lowBudget","score","imagePath") VALUES (6,'Jardinière de légumes avec laitue',30,1,0,'jardiniere-legumes-avec-laitue');
INSERT INTO "Recipes" ("id","title","completionTime","lowBudget","score","imagePath") VALUES (7,'Pâtes forestière',50,0,3,'pates-forestiere');
INSERT INTO "Recipes" ("id","title","completionTime","lowBudget","score","imagePath") VALUES (8,'Pommes de terre au romarin',30,1,0,'pommes-de-terre-romarin');
INSERT INTO "Recipes" ("id","title","completionTime","lowBudget","score","imagePath") VALUES (9,'Ragout de boeuf express',85,0,3,'ragout-boeuf-express');
INSERT INTO "Recipes" ("id","title","completionTime","lowBudget","score","imagePath") VALUES (10,'Risotto aigre-doux au poulet',45,0,0,'risotto-aigre-doux-poulet');
INSERT INTO "Recipes" ("id","title","completionTime","lowBudget","score","imagePath") VALUES (11,'Riz sauté aux crevettes et poulet',60,0,0,'riz-crevettes-poulet');
INSERT INTO "Recipes" ("id","title","completionTime","lowBudget","score","imagePath") VALUES (12,'Tagliatelle aux champignons',30,0,0,'tagliatelle-champignons');
INSERT INTO "Scales" ("id","scaleName") VALUES (1,'g');
INSERT INTO "Scales" ("id","scaleName") VALUES (2,'dl');
INSERT INTO "Scales" ("id","scaleName") VALUES (3,'cs');
INSERT INTO "Scales" ("id","scaleName") VALUES (4,'cc');
INSERT INTO "Scales" ("id","scaleName") VALUES (5,'pièce');
INSERT INTO "Scales" ("id","scaleName") VALUES (6,'brin');
INSERT INTO "Scales" ("id","scaleName") VALUES (7,'feuille');
INSERT INTO "Scales" ("id","scaleName") VALUES (8,'jus');
INSERT INTO "Scales" ("id","scaleName") VALUES (9,'pincée');
INSERT INTO "Scales" ("id","scaleName") VALUES (10,'verre');
COMMIT;
